"segment_title";"question_nmbr";"question_titl";"question_hint";"question_lvls";"question_lvds"
"Recursos";"Pregunta 1 de 3";"¿Qué tan bien trabaja la organización en conjunto en todas las disciplinas de marketing?";"Utilice los controles deslizantes para identificar su madurez actual y deseada.";"5";"Contamos con un conjunto totalmente integrado de procesos de planificación, diseño y ejecución."
"Recursos";"Pregunta 1 de 3";"¿Qué tan bien trabaja la organización en conjunto en todas las disciplinas de marketing?";"Utilice los controles deslizantes para identificar su madurez actual y deseada.";"4";"Contamos con una organización centralizada que nos permite ejecutar campañas multicanal coordinadas en tiempo real."
"Recursos";"Pregunta 1 de 3";"¿Qué tan bien trabaja la organización en conjunto en todas las disciplinas de marketing?";"Utilice los controles deslizantes para identificar su madurez actual y deseada.";"3";"Tenemos revisiones operativas de marketing periódicas que nos mantienen coordinados."
"Recursos";"Pregunta 1 de 3";"¿Qué tan bien trabaja la organización en conjunto en todas las disciplinas de marketing?";"Utilice los controles deslizantes para identificar su madurez actual y deseada.";"2";"Hacemos una planificación conjunta pero la ejecutamos por separado."
"Recursos";"Pregunta 1 de 3";"¿Qué tan bien trabaja la organización en conjunto en todas las disciplinas de marketing?";"Utilice los controles deslizantes para identificar su madurez actual y deseada.";"1";"Operamos de forma independiente con un equipo haciendo redes sociales, otro responsable de campañas, móvil, etc."
"Recursos";"Pregunta 2 de 3";"¿Cómo se establece el presupuesto de marketing digital?";"Utilice los controles deslizantes para identificar su madurez actual y deseada.";"5";"Hemos asegurado una inversión sostenida de varios años en marketing digital."
"Recursos";"Pregunta 2 de 3";"¿Cómo se establece el presupuesto de marketing digital?";"Utilice los controles deslizantes para identificar su madurez actual y deseada.";"4";"Creamos un presupuesto de abajo hacia arriba para cumplir con los objetivos comerciales de la empresa."
"Recursos";"Pregunta 2 de 3";"¿Cómo se establece el presupuesto de marketing digital?";"Utilice los controles deslizantes para identificar su madurez actual y deseada.";"3";"Negociamos nuestro plan presupuestario anual en función de los requisitos del programa."
"Recursos";"Pregunta 2 de 3";"¿Cómo se establece el presupuesto de marketing digital?";"Utilice los controles deslizantes para identificar su madurez actual y deseada.";"2";"Basan nuestro presupuesto en nuestro gasto corriente del año pasado."
"Recursos";"Pregunta 2 de 3";"¿Cómo se establece el presupuesto de marketing digital?";"Utilice los controles deslizantes para identificar su madurez actual y deseada.";"1";"Tenemos que justificar el costo de cada proyecto individual."
"Recursos";"Pregunta 3 de 3";"¿Cuán rico y diverso es el grupo de talentos de marketing digital?";"Utilice los controles deslizantes para identificar su madurez actual y deseada.";"5";"Podemos atraer y retener al mejor talento de marketing digital de nuestra industria."
"Recursos";"Pregunta 3 de 3";"¿Cuán rico y diverso es el grupo de talentos de marketing digital?";"Utilice los controles deslizantes para identificar su madurez actual y deseada.";"4";"Tenemos un complemento completo de conjuntos de habilidades líderes en la industria en todas las disciplinas."
"Recursos";"Pregunta 3 de 3";"¿Cuán rico y diverso es el grupo de talentos de marketing digital?";"Utilice los controles deslizantes para identificar su madurez actual y deseada.";"3";"Contamos en plantilla con expertos en las principales disciplinas del marketing digital abordadas en este modelo."
"Recursos";"Pregunta 3 de 3";"¿Cuán rico y diverso es el grupo de talentos de marketing digital?";"Utilice los controles deslizantes para identificar su madurez actual y deseada.";"2";"Hemos contratado algunas habilidades nuevas en analítica social y de marketing."
"Recursos";"Pregunta 3 de 3";"¿Cuán rico y diverso es el grupo de talentos de marketing digital?";"Utilice los controles deslizantes para identificar su madurez actual y deseada.";"1";"Realmente somos especialistas en marketing más tradicionales que recién comenzamos con técnicas digitales."
"Experiencia del cliente";"Pregunta 1 de 3";"¿Qué sabes de tus clientes?";"Utilice los controles deslizantes para identificar su madurez actual y deseada.";"5";"Trabajamos en colaboración con nuestros clientes para dar forma a nuestra estrategia en torno a sus necesidades y objetivos."
"Experiencia del cliente";"Pregunta 1 de 3";"¿Qué sabes de tus clientes?";"Utilice los controles deslizantes para identificar su madurez actual y deseada.";"4";"Lo que sabemos es relativamente completo y abarca tanto sus necesidades como las nuestras."
"Experiencia del cliente";"Pregunta 1 de 3";"¿Qué sabes de tus clientes?";"Utilice los controles deslizantes para identificar su madurez actual y deseada.";"3";"Lo que sabemos incluye la comprensión de las motivaciones, necesidades y objetivos de los clientes."
"Experiencia del cliente";"Pregunta 1 de 3";"¿Qué sabes de tus clientes?";"Utilice los controles deslizantes para identificar su madurez actual y deseada.";"2";"Sabemos mucho, pero está relacionado principalmente con la demografía, la propensión y la economía de los clientes."
"Experiencia del cliente";"Pregunta 1 de 3";"¿Qué sabes de tus clientes?";"Utilice los controles deslizantes para identificar su madurez actual y deseada.";"1";"Lo que sabemos es estático, limitado y disperso por toda la organización."
"Experiencia del cliente";"Pregunta 2 de 3";"¿Cómo diseñas experiencias?";"Utilice los controles deslizantes para identificar su madurez actual y deseada.";"5";"Adoptamos los principios del pensamiento de diseño para crear experiencias integrales holísticas y de alto valor."
"Experiencia del cliente";"Pregunta 2 de 3";"¿Cómo diseñas experiencias?";"Utilice los controles deslizantes para identificar su madurez actual y deseada.";"4";"Utilizamos datos y disciplinas creativas para diseñar experiencias que en su mayoría tienen una orientación de afuera hacia adentro."
"Experiencia del cliente";"Pregunta 2 de 3";"¿Cómo diseñas experiencias?";"Utilice los controles deslizantes para identificar su madurez actual y deseada.";"3";"Dependemos en gran medida de los datos para diseñar experiencias entre silos, pero en su mayoría tienen una orientación de adentro hacia afuera."
"Experiencia del cliente";"Pregunta 2 de 3";"¿Cómo diseñas experiencias?";"Utilice los controles deslizantes para identificar su madurez actual y deseada.";"2";"Usamos anécdotas, intuición y datos de clientes, pero a menudo están aislados y orientados de adentro hacia afuera."
"Experiencia del cliente";"Pregunta 2 de 3";"¿Cómo diseñas experiencias?";"Utilice los controles deslizantes para identificar su madurez actual y deseada.";"1";"Principalmente basado en anécdotas e intuición y a menudo dentro de silos organizacionales o funcionales."
"Experiencia del cliente";"Pregunta 3 de 3";"¿Cómo entregas experiencias?";"Utilice los controles deslizantes para identificar su madurez actual y deseada.";"5";"Las experiencias se coordinan / integran y se adaptan a las necesidades cambiantes de los clientes."
"Experiencia del cliente";"Pregunta 3 de 3";"¿Cómo entregas experiencias?";"Utilice los controles deslizantes para identificar su madurez actual y deseada.";"4";"Las experiencias se coordinan / integran a través de canales y unidades de negocio."
"Experiencia del cliente";"Pregunta 3 de 3";"¿Cómo entregas experiencias?";"Utilice los controles deslizantes para identificar su madurez actual y deseada.";"3";"Las experiencias se coordinan / integran en todos los canales, pero no en las unidades de negocio."
"Experiencia del cliente";"Pregunta 3 de 3";"¿Cómo entregas experiencias?";"Utilice los controles deslizantes para identificar su madurez actual y deseada.";"2";"Las experiencias se coordinan / integran en todas las unidades de negocio, pero no en los canales."
"Experiencia del cliente";"Pregunta 3 de 3";"¿Cómo entregas experiencias?";"Utilice los controles deslizantes para identificar su madurez actual y deseada.";"1";"Las experiencias son esfuerzos relativamente descoordinados / fragmentados en todos los canales y unidades de negocio."
"Marketing multicanal";"Pregunta 1 de 3";"¿Qué tan bien conoce a su comprador objetivo?";"Utilice los controles deslizantes para identificar su madurez actual y deseada.";"5";"Hemos acelerado el camino hacia la compra mediante una segmentación y personalización más estrictas."
"Marketing multicanal";"Pregunta 1 de 3";"¿Qué tan bien conoce a su comprador objetivo?";"Utilice los controles deslizantes para identificar su madurez actual y deseada.";"4";"Contamos con un proceso automatizado de segmentación contextual."
"Marketing multicanal";"Pregunta 1 de 3";"¿Qué tan bien conoce a su comprador objetivo?";"Utilice los controles deslizantes para identificar su madurez actual y deseada.";"3";"Usamos perfiles psicográficos sofisticados para segmentar nuestra audiencia."
"Marketing multicanal";"Pregunta 1 de 3";"¿Qué tan bien conoce a su comprador objetivo?";"Utilice los controles deslizantes para identificar su madurez actual y deseada.";"2";"Hemos desarrollado personas para comprender mejor los comportamientos de compra."
"Marketing multicanal";"Pregunta 1 de 3";"¿Qué tan bien conoce a su comprador objetivo?";"Utilice los controles deslizantes para identificar su madurez actual y deseada.";"1";"Manejamos los datos transaccionales básicos y la demografía general."
"Marketing multicanal";"Pregunta 2 de 3";"¿Qué tan bien está interactuando con los clientes actuales y los posibles compradores?";"Utilice los controles deslizantes para identificar su madurez actual y deseada.";"5";"Nuestros programas nos permiten aprender, así como participar e influir fuertemente en el desarrollo y el cambio de productos."
"Marketing multicanal";"Pregunta 2 de 3";"¿Qué tan bien está interactuando con los clientes actuales y los posibles compradores?";"Utilice los controles deslizantes para identificar su madurez actual y deseada.";"4";"Los programas están sincronizados, el contenido está curado y la selección de canales se basa en los objetivos y el tipo de audiencia."
"Marketing multicanal";"Pregunta 2 de 3";"¿Qué tan bien está interactuando con los clientes actuales y los posibles compradores?";"Utilice los controles deslizantes para identificar su madurez actual y deseada.";"3";"Los programas están alineados con resultados comerciales específicos y los datos de los clientes se recopilan y analizan de forma rutinaria."
"Marketing multicanal";"Pregunta 2 de 3";"¿Qué tan bien está interactuando con los clientes actuales y los posibles compradores?";"Utilice los controles deslizantes para identificar su madurez actual y deseada.";"2";"Consideramos que los canales de comercialización son bidireccionales: fomentar intereses, recopilar inteligencia y crear contenido."
"Marketing multicanal";"Pregunta 2 de 3";"¿Qué tan bien está interactuando con los clientes actuales y los posibles compradores?";"Utilice los controles deslizantes para identificar su madurez actual y deseada.";"1";"Hemos agregado canales digitales a nuestras campañas de ventas y promoción de productos de salida."
"Marketing multicanal";"Pregunta 3 de 3";"¿Qué tan avanzado está en la planificación, diseño y ejecución de programas multicanal?";"Utilice los controles deslizantes para identificar su madurez actual y deseada.";"5";"Los procesos de gestión de programas nos permiten operar a dos velocidades, impulsando los ingresos de primera línea y la extensión de la marca."
"Marketing multicanal";"Pregunta 3 de 3";"¿Qué tan avanzado está en la planificación, diseño y ejecución de programas multicanal?";"Utilice los controles deslizantes para identificar su madurez actual y deseada.";"4";"Tenemos una capacidad de administración de campañas multicanal altamente automatizada para impulsar todos los programas."
"Marketing multicanal";"Pregunta 3 de 3";"¿Qué tan avanzado está en la planificación, diseño y ejecución de programas multicanal?";"Utilice los controles deslizantes para identificar su madurez actual y deseada.";"3";"Invertimos en programas sincronizados de varios años para atraer, convertir y retener clientes."
"Marketing multicanal";"Pregunta 3 de 3";"¿Qué tan avanzado está en la planificación, diseño y ejecución de programas multicanal?";"Utilice los controles deslizantes para identificar su madurez actual y deseada.";"2";"Diseñamos campañas de temporada y promociones especiales que impulsan las ventas."
"Marketing multicanal";"Pregunta 3 de 3";"¿Qué tan avanzado está en la planificación, diseño y ejecución de programas multicanal?";"Utilice los controles deslizantes para identificar su madurez actual y deseada.";"1";"En su mayoría, llevamos a cabo programas reactivos puntuales para alcanzar objetivos específicos a corto plazo."
"Social";"Pregunta 1 de 3";"¿Cómo se utilizan los canales y técnicas sociales?";"Utilice los controles deslizantes para identificar su madurez actual y deseada.";"5";"Los programas sociales se integran en la gestión de la demanda y la canalización, así como en los programas de retención."
"Social";"Pregunta 1 de 3";"¿Cómo se utilizan los canales y técnicas sociales?";"Utilice los controles deslizantes para identificar su madurez actual y deseada.";"4";"El aprendizaje se comparte en toda la organización, informando la experiencia del cliente, los diseños de productos y programas."
"Social";"Pregunta 1 de 3";"¿Cómo se utilizan los canales y técnicas sociales?";"Utilice los controles deslizantes para identificar su madurez actual y deseada.";"3";"Escuchamos y compartimos contenido que impulsa una mayor participación."
"Social";"Pregunta 1 de 3";"¿Cómo se utilizan los canales y técnicas sociales?";"Utilice los controles deslizantes para identificar su madurez actual y deseada.";"2";"Las comunidades son nuestro enfoque principal, y el contenido se gestiona desde las páginas de destino."
"Social";"Pregunta 1 de 3";"¿Cómo se utilizan los canales y técnicas sociales?";"Utilice los controles deslizantes para identificar su madurez actual y deseada.";"1";"Usamos las redes sociales principalmente para monitorear el diálogo de marca."
"Social";"Pregunta 2 de 3";"¿Qué tan bien se integran las redes sociales en los esfuerzos de marketing digital?";"Utilice los controles deslizantes para identificar su madurez actual y deseada.";"5";"La C-suite es compatible con las redes sociales debido al impacto en la marca, la participación del cliente, el marketing de lealtad y los ingresos."
"Social";"Pregunta 2 de 3";"¿Qué tan bien se integran las redes sociales en los esfuerzos de marketing digital?";"Utilice los controles deslizantes para identificar su madurez actual y deseada.";"4";"Contamos con un equipo social dedicado que respalda el marketing, las ventas, el servicio al cliente y el desarrollo de productos."
"Social";"Pregunta 2 de 3";"¿Qué tan bien se integran las redes sociales en los esfuerzos de marketing digital?";"Utilice los controles deslizantes para identificar su madurez actual y deseada.";"3";"Contamos con un administrador social o comunitario responsable de construir y administrar nuestra presencia social."
"Social";"Pregunta 2 de 3";"¿Qué tan bien se integran las redes sociales en los esfuerzos de marketing digital?";"Utilice los controles deslizantes para identificar su madurez actual y deseada.";"2";"Los equipos de relaciones públicas y marketing comparten recursos para publicar contenido en los canales sociales."
"Social";"Pregunta 2 de 3";"¿Qué tan bien se integran las redes sociales en los esfuerzos de marketing digital?";"Utilice los controles deslizantes para identificar su madurez actual y deseada.";"1";"Las comunicaciones corporativas controlan nuestro uso de las redes sociales."
"Social";"Pregunta 3 de 3";"¿Qué tan bueno eres para hacer un seguimiento de los resultados y demostrar el ROI en los esfuerzos de marketing social?";"Utilice los controles deslizantes para identificar su madurez actual y deseada.";"5";"Las métricas se controlan en tiempo real y se correlacionan con los resultados comerciales para permitir la optimización de la campaña."
"Social";"Pregunta 3 de 3";"¿Qué tan bueno eres para hacer un seguimiento de los resultados y demostrar el ROI en los esfuerzos de marketing social?";"Utilice los controles deslizantes para identificar su madurez actual y deseada.";"4";"El seguimiento y la medición de las redes sociales se basan en métricas, puntos de referencia e indicadores clave de rendimiento empresarial específicos del canal."
"Social";"Pregunta 3 de 3";"¿Qué tan bueno eres para hacer un seguimiento de los resultados y demostrar el ROI en los esfuerzos de marketing social?";"Utilice los controles deslizantes para identificar su madurez actual y deseada.";"3";"Las métricas se establecen de antemano en función del rendimiento de la campaña anterior o la inteligencia competitiva."
"Social";"Pregunta 3 de 3";"¿Qué tan bueno eres para hacer un seguimiento de los resultados y demostrar el ROI en los esfuerzos de marketing social?";"Utilice los controles deslizantes para identificar su madurez actual y deseada.";"2";"Las métricas se crean directamente a partir de las redes sociales, como me gusta, acciones y retweets."
"Social";"Pregunta 3 de 3";"¿Qué tan bueno eres para hacer un seguimiento de los resultados y demostrar el ROI en los esfuerzos de marketing social?";"Utilice los controles deslizantes para identificar su madurez actual y deseada.";"1";"Realizamos un seguimiento de los cambios en las menciones de la marca, el porcentaje de voz o el sentimiento."
"Móvil";"Pregunta 1 de 3";"¿Qué tan bien integrada está su estrategia de marketing móvil con otras actividades de marketing digital?";"Utilice los controles deslizantes para identificar su madurez actual y deseada.";"5";"Tenemos una mentalidad de móvil siempre y ampliamos el uso del móvil en las ventas sociales y el servicio al cliente."
"Móvil";"Pregunta 1 de 3";"¿Qué tan bien integrada está su estrategia de marketing móvil con otras actividades de marketing digital?";"Utilice los controles deslizantes para identificar su madurez actual y deseada.";"4";"Usamos un conjunto integrado de herramientas de automatización de marketing."
"Móvil";"Pregunta 1 de 3";"¿Qué tan bien integrada está su estrategia de marketing móvil con otras actividades de marketing digital?";"Utilice los controles deslizantes para identificar su madurez actual y deseada.";"3";"Hemos automatizado algunos procesos como SMS, correo electrónico, alertas de mensajería móvil y campañas promocionales."
"Móvil";"Pregunta 1 de 3";"¿Qué tan bien integrada está su estrategia de marketing móvil con otras actividades de marketing digital?";"Utilice los controles deslizantes para identificar su madurez actual y deseada.";"2";"Gestionamos nuestras actividades de campaña y análisis de datos principalmente en hojas de cálculo."
"Móvil";"Pregunta 1 de 3";"¿Qué tan bien integrada está su estrategia de marketing móvil con otras actividades de marketing digital?";"Utilice los controles deslizantes para identificar su madurez actual y deseada.";"1";"Vemos el móvil como otro número al que llamar para telemarketing."
"Móvil";"Pregunta 2 de 3";"¿Qué tan bien está recopilando y utilizando la información?";"Utilice los controles deslizantes para identificar su madurez actual y deseada.";"5";"Informamos opciones de crecimiento estratégico con la inteligencia que creamos a partir de nuestra recopilación de datos."
"Móvil";"Pregunta 2 de 3";"¿Qué tan bien está recopilando y utilizando la información?";"Utilice los controles deslizantes para identificar su madurez actual y deseada.";"4";"Realizamos un seguimiento del rendimiento en todos los canales y utilizamos análisis predictivos para determinar las necesidades futuras."
"Móvil";"Pregunta 2 de 3";"¿Qué tan bien está recopilando y utilizando la información?";"Utilice los controles deslizantes para identificar su madurez actual y deseada.";"3";"Podemos optimizar múltiples campañas móviles en tiempo real y tener políticas de propiedad de datos bien definidas."
"Móvil";"Pregunta 2 de 3";"¿Qué tan bien está recopilando y utilizando la información?";"Utilice los controles deslizantes para identificar su madurez actual y deseada.";"2";"Realizamos un seguimiento del rendimiento de campañas móviles individuales."
"Móvil";"Pregunta 2 de 3";"¿Qué tan bien está recopilando y utilizando la información?";"Utilice los controles deslizantes para identificar su madurez actual y deseada.";"1";"Dependemos de pruebas e informes ad hoc, si los hay."
"Móvil";"Pregunta 3 de 3";"¿Cómo está utilizando la tecnología para respaldar la estrategia de marketing móvil?";"Utilice los controles deslizantes para identificar su madurez actual y deseada.";"5";"Hemos perfeccionado el diseño de sitios web receptivos y una estrategia de aplicación nativa altamente refinada que proporciona un mayor ROI."
"Móvil";"Pregunta 3 de 3";"¿Cómo está utilizando la tecnología para respaldar la estrategia de marketing móvil?";"Utilice los controles deslizantes para identificar su madurez actual y deseada.";"4";"Podemos lanzar comercio en la aplicación y anuncios personalizados a través de aplicaciones nativas o sitios habilitados para dispositivos móviles."
"Móvil";"Pregunta 3 de 3";"¿Cómo está utilizando la tecnología para respaldar la estrategia de marketing móvil?";"Utilice los controles deslizantes para identificar su madurez actual y deseada.";"3";"Utilizamos la segmentación de datos de ubicación según la ubicación física (fuera de línea) o virtual (dirección IP en línea / etc.)."
"Móvil";"Pregunta 3 de 3";"¿Cómo está utilizando la tecnología para respaldar la estrategia de marketing móvil?";"Utilice los controles deslizantes para identificar su madurez actual y deseada.";"2";"Apoyamos las preferencias de suscripción móvil y las ventanas emergentes en el sitio web principal."
"Móvil";"Pregunta 3 de 3";"¿Cómo está utilizando la tecnología para respaldar la estrategia de marketing móvil?";"Utilice los controles deslizantes para identificar su madurez actual y deseada.";"1";"Usamos integración de tecnología de comunicaciones y bases de datos de clientes creadas para la era anterior a los teléfonos inteligentes."
"Comercio digital";"Pregunta 1 de 3";"¿Cómo describiría su estrategia de comercio digital?";"Utilice los controles deslizantes para identificar su madurez actual y deseada.";"5";"Permitimos que los clientes compren cuándo, dónde y cómo quieran, diseñando su propia experiencia comercial."
"Comercio digital";"Pregunta 1 de 3";"¿Cómo describiría su estrategia de comercio digital?";"Utilice los controles deslizantes para identificar su madurez actual y deseada.";"4";"Permitimos transacciones y apoyamos experiencias de comercio conectado a través de canales en línea y fuera de línea."
"Comercio digital";"Pregunta 1 de 3";"¿Cómo describiría su estrategia de comercio digital?";"Utilice los controles deslizantes para identificar su madurez actual y deseada.";"3";"Diseñamos y ejecutamos comercio digital por el canal de comercio: Web y móvil."
"Comercio digital";"Pregunta 1 de 3";"¿Cómo describiría su estrategia de comercio digital?";"Utilice los controles deslizantes para identificar su madurez actual y deseada.";"2";"Definimos el comercio digital como Web o comercio electrónico, y nos enfocamos principalmente en nuestro sitio web de comercio."
"Comercio digital";"Pregunta 1 de 3";"¿Cómo describiría su estrategia de comercio digital?";"Utilice los controles deslizantes para identificar su madurez actual y deseada.";"1";"Consideramos que el comercio digital es tangencial y el marketing para el comercio digital es limitado o inexistente."
"Comercio digital";"Pregunta 2 de 3";"¿Qué tan bien ha diseñado la experiencia del cliente?";"Utilice los controles deslizantes para identificar su madurez actual y deseada.";"5";"Usamos datos para conectar y personalizar la experiencia de comercio digital en línea y fuera de línea."
"Comercio digital";"Pregunta 2 de 3";"¿Qué tan bien ha diseñado la experiencia del cliente?";"Utilice los controles deslizantes para identificar su madurez actual y deseada.";"4";"Usamos tecnología digital para atraer compradores y conectar experiencias comerciales en línea y fuera de línea."
"Comercio digital";"Pregunta 2 de 3";"¿Qué tan bien ha diseñado la experiencia del cliente?";"Utilice los controles deslizantes para identificar su madurez actual y deseada.";"3";"Permitimos a los clientes navegar y comprar en la Web y en dispositivos móviles, pero las experiencias no están conectadas."
"Comercio digital";"Pregunta 2 de 3";"¿Qué tan bien ha diseñado la experiencia del cliente?";"Utilice los controles deslizantes para identificar su madurez actual y deseada.";"2";"Permitimos a los clientes navegar y comprar en la Web, pero mantenemos procesos internos manuales."
"Comercio digital";"Pregunta 2 de 3";"¿Qué tan bien ha diseñado la experiencia del cliente?";"Utilice los controles deslizantes para identificar su madurez actual y deseada.";"1";"Permitimos que los clientes nos descubran, investiguen y evalúen a través de nuestro sitio web, pero deben comprar fuera de línea."
"Comercio digital";"Pregunta 3 de 3";"¿Qué tácticas utilizas para optimizar la estrategia de comercio digital?";"Utilice los controles deslizantes para identificar su madurez actual y deseada.";"5";"Utilizamos datos en tiempo real y análisis predictivo para desencadenar una automatización de marketing y un comercio personalizado."
"Comercio digital";"Pregunta 3 de 3";"¿Qué tácticas utilizas para optimizar la estrategia de comercio digital?";"Utilice los controles deslizantes para identificar su madurez actual y deseada.";"4";"Nos enfocamos en tácticas, como las revisiones, para impulsar la conversión, no solo el tráfico, al mejorar la experiencia comercial."
"Comercio digital";"Pregunta 3 de 3";"¿Qué tácticas utilizas para optimizar la estrategia de comercio digital?";"Utilice los controles deslizantes para identificar su madurez actual y deseada.";"3";"Usamos todas las tácticas anteriores, así como incentivos, no solo descuentos, para generar visitas nuevas y repetidas."
"Comercio digital";"Pregunta 3 de 3";"¿Qué tácticas utilizas para optimizar la estrategia de comercio digital?";"Utilice los controles deslizantes para identificar su madurez actual y deseada.";"2";"Usamos inbound (búsqueda, anuncios sociales y digitales) y outbound (correo electrónico, mensajería móvil) para encontrar y ser encontrado."
"Comercio digital";"Pregunta 3 de 3";"¿Qué tácticas utilizas para optimizar la estrategia de comercio digital?";"Utilice los controles deslizantes para identificar su madurez actual y deseada.";"1";"Intentamos dirigir el tráfico al sitio mediante tácticas promocionales de salida (correo electrónico y carteles en la tienda)."
"Conducida por datos";"Pregunta 1 de 3";"¿Qué tan robustos son los sistemas para respaldar una estrategia de marketing basada en datos?";"Utilice los controles deslizantes para identificar su madurez actual y deseada.";"5";"Logramos una ventaja comercial a través de nuestros modelos y algoritmos personalizados."
"Conducida por datos";"Pregunta 1 de 3";"¿Qué tan robustos son los sistemas para respaldar una estrategia de marketing basada en datos?";"Utilice los controles deslizantes para identificar su madurez actual y deseada.";"4";"Existen sistemas de automatización de marketing para contextos B2B y B2C."
"Conducida por datos";"Pregunta 1 de 3";"¿Qué tan robustos son los sistemas para respaldar una estrategia de marketing basada en datos?";"Utilice los controles deslizantes para identificar su madurez actual y deseada.";"3";"El personal utiliza principalmente modelos analíticos de nivel empresarial listos para usar."
"Conducida por datos";"Pregunta 1 de 3";"¿Qué tan robustos son los sistemas para respaldar una estrategia de marketing basada en datos?";"Utilice los controles deslizantes para identificar su madurez actual y deseada.";"2";"Los paneles están en Excel o copiados de una herramienta básica como Google Analytics o MailChimp."
"Conducida por datos";"Pregunta 1 de 3";"¿Qué tan robustos son los sistemas para respaldar una estrategia de marketing basada en datos?";"Utilice los controles deslizantes para identificar su madurez actual y deseada.";"1";"Los gerentes compilan informes manualmente en Excel, generalmente para una reunión de recapitulación mensual."
"Conducida por datos";"Pregunta 2 de 3";"¿Qué tan bien gestiona sus datos de marketing?";"Utilice los controles deslizantes para identificar su madurez actual y deseada.";"5";"Los registros de datos continuamente actualizados alimentan un motor de análisis y procesos de automatización de marketing."
"Conducida por datos";"Pregunta 2 de 3";"¿Qué tan bien gestiona sus datos de marketing?";"Utilice los controles deslizantes para identificar su madurez actual y deseada.";"4";"Disponemos de datos sólidos de clientes, prospectos y visitantes para personalizarlos y crear modelos de atribución."
"Conducida por datos";"Pregunta 2 de 3";"¿Qué tan bien gestiona sus datos de marketing?";"Utilice los controles deslizantes para identificar su madurez actual y deseada.";"3";"Nuestros conjuntos de datos nos ayudan a explorar programas de reorientación y ofertas en tiempo real en los intercambios de anuncios."
"Conducida por datos";"Pregunta 2 de 3";"¿Qué tan bien gestiona sus datos de marketing?";"Utilice los controles deslizantes para identificar su madurez actual y deseada.";"2";"El equipo usa datos históricos. La segmentación se basa en datos demográficos de alto nivel."
"Conducida por datos";"Pregunta 2 de 3";"¿Qué tan bien gestiona sus datos de marketing?";"Utilice los controles deslizantes para identificar su madurez actual y deseada.";"1";"Los datos residen en silos tecnológicos con poca integración."
"Conducida por datos";"Pregunta 3 de 3";"¿Tiene las habilidades adecuadas a bordo para aprovechar al máximo sus datos?";"Utilice los controles deslizantes para identificar su madurez actual y deseada.";"5";"Contamos con un equipo de profesionales de análisis líder en la industria que nos brinda una diferenciación competitiva."
"Conducida por datos";"Pregunta 3 de 3";"¿Tiene las habilidades adecuadas a bordo para aprovechar al máximo sus datos?";"Utilice los controles deslizantes para identificar su madurez actual y deseada.";"4";"Contamos con modelos y algoritmos sofisticados que nos ayudan a predecir el comportamiento del comprador y priorizar las inversiones."
"Conducida por datos";"Pregunta 3 de 3";"¿Tiene las habilidades adecuadas a bordo para aprovechar al máximo sus datos?";"Utilice los controles deslizantes para identificar su madurez actual y deseada.";"3";"El equipo se ha ampliado en profundidad y rigor, e incluye al menos una persona con habilidades analíticas avanzadas."
"Conducida por datos";"Pregunta 3 de 3";"¿Tiene las habilidades adecuadas a bordo para aprovechar al máximo sus datos?";"Utilice los controles deslizantes para identificar su madurez actual y deseada.";"2";"Existe un sesgo hacia el desarrollo y la formación cruzada del talento interno, en lugar de depender de las agencias."
"Conducida por datos";"Pregunta 3 de 3";"¿Tiene las habilidades adecuadas a bordo para aprovechar al máximo sus datos?";"Utilice los controles deslizantes para identificar su madurez actual y deseada.";"1";"Los profesionales tienden a centrarse en proyectos de mejora únicos en lugar de operaciones de marketing en curso."
"Operaciones";"Pregunta 1 de 3";"¿Qué tan bien establecidos están los procesos para respaldar las operaciones de marketing?";"Utilice los controles deslizantes para identificar su madurez actual y deseada.";"5";"La organización ha simplificado la toma de decisiones en torno al diseño de procesos para respaldar el cambio y la innovación."
"Operaciones";"Pregunta 1 de 3";"¿Qué tan bien establecidos están los procesos para respaldar las operaciones de marketing?";"Utilice los controles deslizantes para identificar su madurez actual y deseada.";"4";"Operaciones tiene políticas y procedimientos para respaldar el marketing en tiempo real."
"Operaciones";"Pregunta 1 de 3";"¿Qué tan bien establecidos están los procesos para respaldar las operaciones de marketing?";"Utilice los controles deslizantes para identificar su madurez actual y deseada.";"3";"Hemos desarrollado procesos de marketing integrados. Las políticas formales gobiernan muchas decisiones y actividades."
"Operaciones";"Pregunta 1 de 3";"¿Qué tan bien establecidos están los procesos para respaldar las operaciones de marketing?";"Utilice los controles deslizantes para identificar su madurez actual y deseada.";"2";"Los departamentos trabajan juntos para desarrollar procesos débilmente acoplados y compartir las mejores prácticas."
"Operaciones";"Pregunta 1 de 3";"¿Qué tan bien establecidos están los procesos para respaldar las operaciones de marketing?";"Utilice los controles deslizantes para identificar su madurez actual y deseada.";"1";"Inventamos o duplicamos un proceso mediante prueba y error para cada tarea."
"Operaciones";"Pregunta 2 de 3";"¿Qué tan avanzados son los sistemas para respaldar las operaciones de marketing en tiempo real?";"Utilice los controles deslizantes para identificar su madurez actual y deseada.";"5";"Podemos cambiar los procesos de marketing sobre la marcha, lo que nos brinda una mayor agilidad y las ventajas de ser el primero en moverse."
"Operaciones";"Pregunta 2 de 3";"¿Qué tan avanzados son los sistemas para respaldar las operaciones de marketing en tiempo real?";"Utilice los controles deslizantes para identificar su madurez actual y deseada.";"4";"Desarrollamos aplicaciones y modelos analíticos de manera constante, haciendo coincidir los cambios rápidos en los enfoques multicanal."
"Operaciones";"Pregunta 2 de 3";"¿Qué tan avanzados son los sistemas para respaldar las operaciones de marketing en tiempo real?";"Utilice los controles deslizantes para identificar su madurez actual y deseada.";"3";"Las suites o plataformas de marketing automatizan los procesos, mejoran la interoperabilidad y el tiempo de comercialización."
"Operaciones";"Pregunta 2 de 3";"¿Qué tan avanzados son los sistemas para respaldar las operaciones de marketing en tiempo real?";"Utilice los controles deslizantes para identificar su madurez actual y deseada.";"2";"Los equipos de proyecto consideran nuevas funciones para automatizar áreas manuales y crear planes para ROI y TCO."
"Operaciones";"Pregunta 2 de 3";"¿Qué tan avanzados son los sistemas para respaldar las operaciones de marketing en tiempo real?";"Utilice los controles deslizantes para identificar su madurez actual y deseada.";"1";"Las personas realizan tareas operativas con aplicaciones y procesos aislados."
"Operaciones";"Pregunta 3 de 3";"¿Qué tan bien se recopilan, analizan y ponen a disposición los datos para una mejor toma de decisiones?";"Utilice los controles deslizantes para identificar su madurez actual y deseada.";"5";"Nuestro centro de marketing digital nos permite apuntar a nuestros prospectos de mayor valor y mejorar el valor de vida del cliente."
"Operaciones";"Pregunta 3 de 3";"¿Qué tan bien se recopilan, analizan y ponen a disposición los datos para una mejor toma de decisiones?";"Utilice los controles deslizantes para identificar su madurez actual y deseada.";"4";"Contamos con herramientas de integración de datos en tiempo real para respaldar el marketing de contenido, social y basado en la ubicación."
"Operaciones";"Pregunta 3 de 3";"¿Qué tan bien se recopilan, analizan y ponen a disposición los datos para una mejor toma de decisiones?";"Utilice los controles deslizantes para identificar su madurez actual y deseada.";"3";"La mayoría de los datos de los clientes y algunas fuentes de terceros están integrados. Los datos en tiempo real todavía están en gran parte aislados."
"Operaciones";"Pregunta 3 de 3";"¿Qué tan bien se recopilan, analizan y ponen a disposición los datos para una mejor toma de decisiones?";"Utilice los controles deslizantes para identificar su madurez actual y deseada.";"2";"Las herramientas de integración punto a punto y las personalizaciones ayudan a automatizar ciertos pasos en los procesos de marketing."
"Operaciones";"Pregunta 3 de 3";"¿Qué tan bien se recopilan, analizan y ponen a disposición los datos para una mejor toma de decisiones?";"Utilice los controles deslizantes para identificar su madurez actual y deseada.";"1";"Los datos se almacenan en silos, se recopilan en diferentes momentos de diferentes sistemas con calidad variable."
"Innovación";"Pregunta 1 de 3";"¿Qué tan bien gestiona una cartera de nuevas ideas?";"Utilice los controles deslizantes para identificar su madurez actual y deseada.";"5";"La innovación es una norma cultural, fomentada, recompensada y continua, que proporciona una ventaja competitiva."
"Innovación";"Pregunta 1 de 3";"¿Qué tan bien gestiona una cartera de nuevas ideas?";"Utilice los controles deslizantes para identificar su madurez actual y deseada.";"4";"Hemos aprendido a colaborar con la creatividad, aprovechando fuentes externas para nuevas ideas de productos y campañas."
"Innovación";"Pregunta 1 de 3";"¿Qué tan bien gestiona una cartera de nuevas ideas?";"Utilice los controles deslizantes para identificar su madurez actual y deseada.";"3";"Somos una \"maravilla de un solo éxito\" cuando se trata de ideas originales que podemos lanzar al mercado."
"Innovación";"Pregunta 1 de 3";"¿Qué tan bien gestiona una cartera de nuevas ideas?";"Utilice los controles deslizantes para identificar su madurez actual y deseada.";"2";"Participamos en juegos de competencia con rivales."
"Innovación";"Pregunta 1 de 3";"¿Qué tan bien gestiona una cartera de nuevas ideas?";"Utilice los controles deslizantes para identificar su madurez actual y deseada.";"1";"Tendemos a encontrarnos persiguiendo las últimas tendencias de la competencia."
"Innovación";"Pregunta 2 de 3";"¿Qué tan bien se apoya la innovación y la creatividad?";"Utilice los controles deslizantes para identificar su madurez actual y deseada.";"5";"Somos reconocidos como los que emulan la innovación y lideran nuestra industria en ideas que mueven el mercado."
"Innovación";"Pregunta 2 de 3";"¿Qué tan bien se apoya la innovación y la creatividad?";"Utilice los controles deslizantes para identificar su madurez actual y deseada.";"4";"Innovamos en todas las funciones y podemos mostrar resultados en el desempeño de primera línea de la empresa."
"Innovación";"Pregunta 2 de 3";"¿Qué tan bien se apoya la innovación y la creatividad?";"Utilice los controles deslizantes para identificar su madurez actual y deseada.";"3";"Tenemos un presupuesto de innovación significativo y realizamos experimentos, pilotos y pruebas con regularidad."
"Innovación";"Pregunta 2 de 3";"¿Qué tan bien se apoya la innovación y la creatividad?";"Utilice los controles deslizantes para identificar su madurez actual y deseada.";"2";"Fomentamos la innovación y las ideas creativas, pero luchamos con el proceso y el tiempo de comercialización."
"Innovación";"Pregunta 2 de 3";"¿Qué tan bien se apoya la innovación y la creatividad?";"Utilice los controles deslizantes para identificar su madurez actual y deseada.";"1";"En ocasiones, tenemos nuevas ideas, pero es una lucha venderlo internamente."
"Innovación";"Pregunta 3 de 3";"¿Ha logrado el equilibrio adecuado entre arte y ciencia en marketing?";"Utilice los controles deslizantes para identificar su madurez actual y deseada.";"5";"Las buenas ideas tienen prioridad sobre un análisis exhaustivo. Ganamos premios tanto por creatividad como por resultados comerciales."
"Innovación";"Pregunta 3 de 3";"¿Ha logrado el equilibrio adecuado entre arte y ciencia en marketing?";"Utilice los controles deslizantes para identificar su madurez actual y deseada.";"4";"Tenemos una buena combinación de creatividad grande y valiente respaldada por una validación de datos sólida que guía la ejecución."
"Innovación";"Pregunta 3 de 3";"¿Ha logrado el equilibrio adecuado entre arte y ciencia en marketing?";"Utilice los controles deslizantes para identificar su madurez actual y deseada.";"3";"Tenemos nuevas ideas para productos, campañas creativas y cambios, pero a menudo perdemos las ventajas de ser los primeros."
"Innovación";"Pregunta 3 de 3";"¿Ha logrado el equilibrio adecuado entre arte y ciencia en marketing?";"Utilice los controles deslizantes para identificar su madurez actual y deseada.";"2";"Reconocemos la buena creatividad cuando la vemos en los demás, pero rara vez avanzamos en ideas realmente audaces y originales."
"Innovación";"Pregunta 3 de 3";"¿Ha logrado el equilibrio adecuado entre arte y ciencia en marketing?";"Utilice los controles deslizantes para identificar su madurez actual y deseada.";"1";"Estamos muy centrados en los datos en todo lo que hacemos. Ninguna nueva idea creativa avanza sin una prueba de que funcionará."
